{
  "mode": "lora",
  "train_acc": [
    0.704923273657289,
    0.930306905370844,
    0.9622762148337596,
    0.9833759590792839,
    0.9827365728900256,
    0.9798593350383632,
    0.953005115089514,
    0.9587595907928389,
    0.9769820971867008,
    0.9785805626598465,
    0.9785805626598465,
    0.9689897698209718,
    0.9808184143222506,
    0.9728260869565217,
    0.9578005115089514
  ],
  "val_acc": [
    0.8858695652173914,
    0.8931159420289855,
    0.9021739130434783,
    0.9039855072463768,
    0.8913043478260869,
    0.8804347826086957,
    0.8351449275362319,
    0.8858695652173914,
    0.8713768115942029,
    0.8496376811594203,
    0.8659420289855072,
    0.8460144927536232,
    0.875,
    0.8532608695652174,
    0.7989130434782609
  ],
  "test_acc": 0.8890705914418098,
  "epoch_times": [
    52.14126801490784,
    57.89046669006348,
    52.06588649749756,
    57.29527831077576,
    52.12925839424133,
    57.83966422080994,
    52.35976815223694,
    57.70629334449768,
    52.493627309799194,
    57.555853605270386,
    52.105528831481934,
    57.59900784492493,
    52.30233120918274,
    57.30459380149841,
    52.184736251831055,
    57.69787931442261,
    52.02666616439819,
    57.034525632858276,
    51.99090313911438,
    57.44584679603577,
    52.15846872329712,
    57.12443828582764,
    52.2928740978241,
    57.39049243927002,
    51.896153688430786,
    57.238675594329834,
    52.114847898483276,
    57.08358883857727,
    51.955451011657715,
    57.49907374382019
  ],
  "epoch_peak_memory_gb": [
    2.986195456,
    2.986195456,
    2.986195456,
    2.986195456,
    2.986195456,
    2.986195456,
    2.986195456,
    2.986195456,
    2.986195456,
    2.986195456,
    2.986195456,
    2.986195456,
    2.986195456,
    2.986195456,
    2.986195456,
    2.986195456,
    2.986195456,
    2.986195456,
    2.986195456,
    2.986195456,
    2.986195456,
    2.986195456,
    2.986195456,
    2.986195456,
    2.986195456,
    2.986195456,
    2.986195456,
    2.986195456,
    2.986195456,
    2.986195456
  ],
  "trainable_count": 665789
}