{
  "mode": "linear_probe",
  "train_acc": [
    0.6592071611253197,
    0.9053708439897699,
    0.9328644501278772,
    0.9351023017902813,
    0.9507672634271099,
    0.9507672634271099,
    0.9699488491048593,
    0.9721867007672634,
    0.9737851662404092,
    0.9779411764705882,
    0.9801790281329923,
    0.9779411764705882,
    0.9868925831202046,
    0.9836956521739131,
    0.9884910485933504
  ],
  "val_acc": [
    0.8713768115942029,
    0.8913043478260869,
    0.9094202898550725,
    0.894927536231884,
    0.8858695652173914,
    0.9003623188405797,
    0.9021739130434783,
    0.9039855072463768,
    0.9057971014492754,
    0.8985507246376812,
    0.8858695652173914,
    0.9021739130434783,
    0.907608695652174,
    0.9021739130434783,
    0.9112318840579711
  ],
  "test_acc": 0.9021531752521122,
  "epoch_times": [
    26.220141649246216,
    30.5004301071167,
    25.10045337677002,
    29.973668098449707,
    25.922510862350464,
    30.31106162071228,
    25.51626706123352,
    29.631449460983276,
    25.417553424835205,
    30.164106607437134,
    25.4833927154541,
    29.597712755203247,
    25.399114847183228,
    29.556635856628418,
    25.449849843978882,
    30.201242208480835,
    25.58896279335022,
    29.762274026870728,
    25.342942237854004,
    29.800484895706177,
    25.29299259185791,
    29.691227674484253,
    28.075828790664673,
    32.23339486122131,
    25.713255643844604,
    30.36156439781189,
    25.61946392059326,
    30.088431358337402,
    25.601874589920044,
    30.49713134765625
  ],
  "epoch_peak_memory_gb": [
    0.466525696,
    0.466525696,
    0.466525696,
    0.466525696,
    0.466525696,
    0.466525696,
    0.466525696,
    0.466525696,
    0.466525696,
    0.466525696,
    0.466525696,
    0.466525696,
    0.466525696,
    0.466525696,
    0.466525696,
    0.466525696,
    0.466525696,
    0.466525696,
    0.466525696,
    0.466525696,
    0.466525696,
    0.466525696,
    0.466525696,
    0.466525696,
    0.466525696,
    0.466525696,
    0.466525696,
    0.466525696,
    0.466525696,
    0.466525696
  ],
  "trainable_count": 75813
}