{
  "mode": "full_finetune",
  "train_acc": [
    0.30498721227621484,
    0.5332480818414322,
    0.6413043478260869,
    0.7154731457800512,
    0.7679028132992327,
    0.8267263427109974,
    0.8615728900255755,
    0.887468030690537,
    0.8948209718670077,
    0.9060102301790282,
    0.9034526854219949,
    0.9146419437340153,
    0.9498081841432225,
    0.9443734015345269,
    0.9402173913043478
  ],
  "val_acc": [
    0.29891304347826086,
    0.5253623188405797,
    0.4492753623188406,
    0.5851449275362319,
    0.5960144927536232,
    0.5978260869565217,
    0.4963768115942029,
    0.5670289855072463,
    0.6032608695652174,
    0.5996376811594203,
    0.5,
    0.6340579710144928,
    0.6358695652173914,
    0.6539855072463768,
    0.572463768115942
  ],
  "test_acc": 0.5998909784682475,
  "epoch_times": [
    48.80540060997009,
    53.580219984054565,
    48.90042805671692,
    53.309064626693726,
    48.74703598022461,
    52.931477069854736,
    48.82000756263733,
    53.6155207157135,
    48.728896141052246,
    53.598726749420166,
    48.64281105995178,
    53.08958148956299,
    48.829952001571655,
    52.99001908302307,
    48.56058621406555,
    52.983317852020264,
    48.573673486709595,
    53.54676365852356,
    48.87729287147522,
    53.085111141204834,
    48.4872031211853,
    52.62009930610657,
    48.689080476760864,
    53.19701433181763,
    48.77950716018677,
    53.70024371147156,
    48.67319369316101,
    53.0911762714386,
    48.63873481750488,
    52.84341526031494
  ],
  "epoch_peak_memory_gb": [
    3.208267264,
    3.208267264,
    3.208267264,
    3.208267264,
    3.208267264,
    3.208267264,
    3.208267264,
    3.208267264,
    3.208267264,
    3.208267264,
    3.208267264,
    3.208267264,
    3.208267264,
    3.208267264,
    3.208267264,
    3.208267264,
    3.208267264,
    3.208267264,
    3.208267264,
    3.208267264,
    3.208267264,
    3.208267264,
    3.208267264,
    3.208267264,
    3.208267264,
    3.208267264,
    3.208267264,
    3.208267264,
    3.208267264,
    3.208267264
  ],
  "trainable_count": 23583845
}